title,description
Task 01,Descrição da Task 01
Task 02,Descrição da Task 02
Task 03,Descrição da Task 03
Task 04,Descrição da Task 04
Task 05,Descrição da Task 05
Task 06,Descrição da Task 06
Task 07,Descrição da Task 07
Task 08,Descrição da Task 08
Task 09,Descrição da Task 09
Task 10,Descrição da Task 10
Task 11,Descrição da Task 11
Task 12,Descrição da Task 12
Task 13,Descrição da Task 13
Task 14,Descrição da Task 14
Task 15,Descrição da Task 15
Task 16,Descrição da Task 16
Task 17,Descrição da Task 17
Task 18,Descrição da Task 18
Task 19,Descrição da Task 19
Task 20,Descrição da Task 20
Task 21,Descrição da Task 21
Task 22,Descrição da Task 22
Task 23,Descrição da Task 23
Task 24,Descrição da Task 24
Task 25,Descrição da Task 25
Task 26,Descrição da Task 26
Task 27,Descrição da Task 27
Task 28,Descrição da Task 28
Task 29,Descrição da Task 29
Task 30,Descrição da Task 30
Task 31,Descrição da Task 31
Task 32,Descrição da Task 32
Task 33,Descrição da Task 33
Task 34,Descrição da Task 34
Task 35,Descrição da Task 35
Task 36,Descrição da Task 36
Task 37,Descrição da Task 37
Task 38,Descrição da Task 38
Task 39,Descrição da Task 39
Task 40,Descrição da Task 40
Task 41,Descrição da Task 41
Task 42,Descrição da Task 42
Task 43,Descrição da Task 43
Task 44,Descrição da Task 44
Task 45,Descrição da Task 45
Task 46,Descrição da Task 46
Task 47,Descrição da Task 47
Task 48,Descrição da Task 48
Task 49,Descrição da Task 49
Task 50,Descrição da Task 50
Task 51,Descrição da Task 51
Task 52,Descrição da Task 52
Task 53,Descrição da Task 53
Task 54,Descrição da Task 54
Task 55,Descrição da Task 55
Task 56,Descrição da Task 56
Task 57,Descrição da Task 57
Task 58,Descrição da Task 58
Task 59,Descrição da Task 59
Task 60,Descrição da Task 60
Task 61,Descrição da Task 61
Task 62,Descrição da Task 62
Task 63,Descrição da Task 63
Task 64,Descrição da Task 64
Task 65,Descrição da Task 65
Task 66,Descrição da Task 66
Task 67,Descrição da Task 67
Task 68,Descrição da Task 68
Task 69,Descrição da Task 69
Task 70,Descrição da Task 70
Task 71,Descrição da Task 71
Task 72,Descrição da Task 72
Task 73,Descrição da Task 73
Task 74,Descrição da Task 74
Task 75,Descrição da Task 75
Task 76,Descrição da Task 76
Task 77,Descrição da Task 77
Task 78,Descrição da Task 78
Task 79,Descrição da Task 79
Task 80,Descrição da Task 80
Task 81,Descrição da Task 81
Task 82,Descrição da Task 82
Task 83,Descrição da Task 83
Task 84,Descrição da Task 84
Task 85,Descrição da Task 85
Task 86,Descrição da Task 86
Task 87,Descrição da Task 87
Task 88,Descrição da Task 88
Task 89,Descrição da Task 89
Task 90,Descrição da Task 90
Task 91,Descrição da Task 91
Task 92,Descrição da Task 92
Task 93,Descrição da Task 93
Task 94,Descrição da Task 94
Task 95,Descrição da Task 95
Task 96,Descrição da Task 96
Task 97,Descrição da Task 97
Task 98,Descrição da Task 98
Task 99,Descrição da Task 99
Task 100,Descrição da Task 100
Task 101,Descrição da Task 101
Task 102,Descrição da Task 102
Task 103,Descrição da Task 103
Task 104,Descrição da Task 104
Task 105,Descrição da Task 105
Task 106,Descrição da Task 106
Task 107,Descrição da Task 107
Task 108,Descrição da Task 108
Task 109,Descrição da Task 109
Task 110,Descrição da Task 110
Task 111,Descrição da Task 111
Task 112,Descrição da Task 112
Task 113,Descrição da Task 113
Task 114,Descrição da Task 114
Task 115,Descrição da Task 115
Task 116,Descrição da Task 116
Task 117,Descrição da Task 117
Task 118,Descrição da Task 118
Task 119,Descrição da Task 119
Task 120,Descrição da Task 120
Task 121,Descrição da Task 121
Task 122,Descrição da Task 122
Task 123,Descrição da Task 123
Task 124,Descrição da Task 124
Task 125,Descrição da Task 125
Task 126,Descrição da Task 126
Task 127,Descrição da Task 127
Task 128,Descrição da Task 128
Task 129,Descrição da Task 129
Task 130,Descrição da Task 130
Task 131,Descrição da Task 131
Task 132,Descrição da Task 132
Task 133,Descrição da Task 133
Task 134,Descrição da Task 134
Task 135,Descrição da Task 135
Task 136,Descrição da Task 136
Task 137,Descrição da Task 137
Task 138,Descrição da Task 138
Task 139,Descrição da Task 139
Task 140,Descrição da Task 140
Task 141,Descrição da Task 141
Task 142,Descrição da Task 142
Task 143,Descrição da Task 143
Task 144,Descrição da Task 144
Task 145,Descrição da Task 145
Task 146,Descrição da Task 146
Task 147,Descrição da Task 147
Task 148,Descrição da Task 148
Task 149,Descrição da Task 149
Task 150,Descrição da Task 150
Task 151,Descrição da Task 151
Task 152,Descrição da Task 152
Task 153,Descrição da Task 153
Task 154,Descrição da Task 154
Task 155,Descrição da Task 155
Task 156,Descrição da Task 156
Task 157,Descrição da Task 157
Task 158,Descrição da Task 158
Task 159,Descrição da Task 159
Task 160,Descrição da Task 160
Task 161,Descrição da Task 161
Task 162,Descrição da Task 162
Task 163,Descrição da Task 163
Task 164,Descrição da Task 164
Task 165,Descrição da Task 165
Task 166,Descrição da Task 166
Task 167,Descrição da Task 167
Task 168,Descrição da Task 168
Task 169,Descrição da Task 169
Task 170,Descrição da Task 170
Task 171,Descrição da Task 171
Task 172,Descrição da Task 172
Task 173,Descrição da Task 173
Task 174,Descrição da Task 174
Task 175,Descrição da Task 175
Task 176,Descrição da Task 176
Task 177,Descrição da Task 177
Task 178,Descrição da Task 178
Task 179,Descrição da Task 179
Task 180,Descrição da Task 180
Task 181,Descrição da Task 181
Task 182,Descrição da Task 182
Task 183,Descrição da Task 183
Task 184,Descrição da Task 184
Task 185,Descrição da Task 185
Task 186,Descrição da Task 186
Task 187,Descrição da Task 187
Task 188,Descrição da Task 188
Task 189,Descrição da Task 189
Task 190,Descrição da Task 190
Task 191,Descrição da Task 191
Task 192,Descrição da Task 192
Task 193,Descrição da Task 193
Task 194,Descrição da Task 194
Task 195,Descrição da Task 195
Task 196,Descrição da Task 196
Task 197,Descrição da Task 197
Task 198,Descrição da Task 198
Task 199,Descrição da Task 199
Task 200,Descrição da Task 200
Task 201,Descrição da Task 201
Task 202,Descrição da Task 202
Task 203,Descrição da Task 203
Task 204,Descrição da Task 204
Task 205,Descrição da Task 205
Task 206,Descrição da Task 206
Task 207,Descrição da Task 207
Task 208,Descrição da Task 208
Task 209,Descrição da Task 209
Task 210,Descrição da Task 210
Task 211,Descrição da Task 211
Task 212,Descrição da Task 212
Task 213,Descrição da Task 213
Task 214,Descrição da Task 214
Task 215,Descrição da Task 215
Task 216,Descrição da Task 216
Task 217,Descrição da Task 217
Task 218,Descrição da Task 218
Task 219,Descrição da Task 219
Task 220,Descrição da Task 220
Task 221,Descrição da Task 221
Task 222,Descrição da Task 222
Task 223,Descrição da Task 223
Task 224,Descrição da Task 224
Task 225,Descrição da Task 225
Task 226,Descrição da Task 226
Task 227,Descrição da Task 227
Task 228,Descrição da Task 228
Task 229,Descrição da Task 229
Task 230,Descrição da Task 230
Task 231,Descrição da Task 231
Task 232,Descrição da Task 232
Task 233,Descrição da Task 233
Task 234,Descrição da Task 234
Task 235,Descrição da Task 235
Task 236,Descrição da Task 236
Task 237,Descrição da Task 237
Task 238,Descrição da Task 238
Task 239,Descrição da Task 239
Task 240,Descrição da Task 240
Task 241,Descrição da Task 241
Task 242,Descrição da Task 242
Task 243,Descrição da Task 243
Task 244,Descrição da Task 244
Task 245,Descrição da Task 245
Task 246,Descrição da Task 246
Task 247,Descrição da Task 247
Task 248,Descrição da Task 248
Task 249,Descrição da Task 249
Task 250,Descrição da Task 250
Task 251,Descrição da Task 251
Task 252,Descrição da Task 252
Task 253,Descrição da Task 253
Task 254,Descrição da Task 254
Task 255,Descrição da Task 255
Task 256,Descrição da Task 256
Task 257,Descrição da Task 257
Task 258,Descrição da Task 258
Task 259,Descrição da Task 259
Task 260,Descrição da Task 260
Task 261,Descrição da Task 261
Task 262,Descrição da Task 262
Task 263,Descrição da Task 263
Task 264,Descrição da Task 264
Task 265,Descrição da Task 265
Task 266,Descrição da Task 266
Task 267,Descrição da Task 267
Task 268,Descrição da Task 268
Task 269,Descrição da Task 269
Task 270,Descrição da Task 270
Task 271,Descrição da Task 271
Task 272,Descrição da Task 272
Task 273,Descrição da Task 273
Task 274,Descrição da Task 274
Task 275,Descrição da Task 275
Task 276,Descrição da Task 276
Task 277,Descrição da Task 277
Task 278,Descrição da Task 278
Task 279,Descrição da Task 279
Task 280,Descrição da Task 280
Task 281,Descrição da Task 281
Task 282,Descrição da Task 282
Task 283,Descrição da Task 283
Task 284,Descrição da Task 284
Task 285,Descrição da Task 285
Task 286,Descrição da Task 286
Task 287,Descrição da Task 287
Task 288,Descrição da Task 288
Task 289,Descrição da Task 289
Task 290,Descrição da Task 290
Task 291,Descrição da Task 291
Task 292,Descrição da Task 292
Task 293,Descrição da Task 293
Task 294,Descrição da Task 294
Task 295,Descrição da Task 295
Task 296,Descrição da Task 296
Task 297,Descrição da Task 297
Task 298,Descrição da Task 298
Task 299,Descrição da Task 299
Task 300,Descrição da Task 300
Task 301,Descrição da Task 301
Task 302,Descrição da Task 302
Task 303,Descrição da Task 303
Task 304,Descrição da Task 304
Task 305,Descrição da Task 305
Task 306,Descrição da Task 306
Task 307,Descrição da Task 307
Task 308,Descrição da Task 308
Task 309,Descrição da Task 309
Task 310,Descrição da Task 310
Task 311,Descrição da Task 311
Task 312,Descrição da Task 312
Task 313,Descrição da Task 313
Task 314,Descrição da Task 314
Task 315,Descrição da Task 315
Task 316,Descrição da Task 316
Task 317,Descrição da Task 317
Task 318,Descrição da Task 318
Task 319,Descrição da Task 319
Task 320,Descrição da Task 320
Task 321,Descrição da Task 321
Task 322,Descrição da Task 322
Task 323,Descrição da Task 323
Task 324,Descrição da Task 324
Task 325,Descrição da Task 325
Task 326,Descrição da Task 326
Task 327,Descrição da Task 327
Task 328,Descrição da Task 328
Task 329,Descrição da Task 329
Task 330,Descrição da Task 330
Task 331,Descrição da Task 331
Task 332,Descrição da Task 332
Task 333,Descrição da Task 333
Task 334,Descrição da Task 334
Task 335,Descrição da Task 335
Task 336,Descrição da Task 336
Task 337,Descrição da Task 337
Task 338,Descrição da Task 338
Task 339,Descrição da Task 339
Task 340,Descrição da Task 340
Task 341,Descrição da Task 341
Task 342,Descrição da Task 342
Task 343,Descrição da Task 343
Task 344,Descrição da Task 344
Task 345,Descrição da Task 345
Task 346,Descrição da Task 346
Task 347,Descrição da Task 347
Task 348,Descrição da Task 348
Task 349,Descrição da Task 349
Task 350,Descrição da Task 350
Task 351,Descrição da Task 351
Task 352,Descrição da Task 352
Task 353,Descrição da Task 353
Task 354,Descrição da Task 354
Task 355,Descrição da Task 355
Task 356,Descrição da Task 356
Task 357,Descrição da Task 357
Task 358,Descrição da Task 358
Task 359,Descrição da Task 359
Task 360,Descrição da Task 360
Task 361,Descrição da Task 361
Task 362,Descrição da Task 362
Task 363,Descrição da Task 363
Task 364,Descrição da Task 364
Task 365,Descrição da Task 365
Task 366,Descrição da Task 366
Task 367,Descrição da Task 367
Task 368,Descrição da Task 368
Task 369,Descrição da Task 369
Task 370,Descrição da Task 370
Task 371,Descrição da Task 371
Task 372,Descrição da Task 372
Task 373,Descrição da Task 373
Task 374,Descrição da Task 374
Task 375,Descrição da Task 375
Task 376,Descrição da Task 376
Task 377,Descrição da Task 377
Task 378,Descrição da Task 378
Task 379,Descrição da Task 379
Task 380,Descrição da Task 380
Task 381,Descrição da Task 381
Task 382,Descrição da Task 382
Task 383,Descrição da Task 383
Task 384,Descrição da Task 384
Task 385,Descrição da Task 385
Task 386,Descrição da Task 386
Task 387,Descrição da Task 387
Task 388,Descrição da Task 388
Task 389,Descrição da Task 389
Task 390,Descrição da Task 390
Task 391,Descrição da Task 391
Task 392,Descrição da Task 392
Task 393,Descrição da Task 393
Task 394,Descrição da Task 394
Task 395,Descrição da Task 395
Task 396,Descrição da Task 396
Task 397,Descrição da Task 397
Task 398,Descrição da Task 398
Task 399,Descrição da Task 399
Task 400,Descrição da Task 400
Task 401,Descrição da Task 401
Task 402,Descrição da Task 402
Task 403,Descrição da Task 403
Task 404,Descrição da Task 404
Task 405,Descrição da Task 405
Task 406,Descrição da Task 406
Task 407,Descrição da Task 407
Task 408,Descrição da Task 408
Task 409,Descrição da Task 409
Task 410,Descrição da Task 410
Task 411,Descrição da Task 411
Task 412,Descrição da Task 412
Task 413,Descrição da Task 413
Task 414,Descrição da Task 414
Task 415,Descrição da Task 415
Task 416,Descrição da Task 416
Task 417,Descrição da Task 417
Task 418,Descrição da Task 418
Task 419,Descrição da Task 419
Task 420,Descrição da Task 420
Task 421,Descrição da Task 421
Task 422,Descrição da Task 422
Task 423,Descrição da Task 423
Task 424,Descrição da Task 424
Task 425,Descrição da Task 425
Task 426,Descrição da Task 426
Task 427,Descrição da Task 427
Task 428,Descrição da Task 428
Task 429,Descrição da Task 429
Task 430,Descrição da Task 430
Task 431,Descrição da Task 431
Task 432,Descrição da Task 432
Task 433,Descrição da Task 433
Task 434,Descrição da Task 434
Task 435,Descrição da Task 435
Task 436,Descrição da Task 436
Task 437,Descrição da Task 437
Task 438,Descrição da Task 438
Task 439,Descrição da Task 439
Task 440,Descrição da Task 440
Task 441,Descrição da Task 441
Task 442,Descrição da Task 442
Task 443,Descrição da Task 443
Task 444,Descrição da Task 444
Task 445,Descrição da Task 445
Task 446,Descrição da Task 446
Task 447,Descrição da Task 447
Task 448,Descrição da Task 448
Task 449,Descrição da Task 449
Task 450,Descrição da Task 450
Task 451,Descrição da Task 451
Task 452,Descrição da Task 452
Task 453,Descrição da Task 453
Task 454,Descrição da Task 454
Task 455,Descrição da Task 455
Task 456,Descrição da Task 456
Task 457,Descrição da Task 457
Task 458,Descrição da Task 458
Task 459,Descrição da Task 459
Task 460,Descrição da Task 460
Task 461,Descrição da Task 461
Task 462,Descrição da Task 462
Task 463,Descrição da Task 463
Task 464,Descrição da Task 464
Task 465,Descrição da Task 465
Task 466,Descrição da Task 466
Task 467,Descrição da Task 467
Task 468,Descrição da Task 468
Task 469,Descrição da Task 469
Task 470,Descrição da Task 470
Task 471,Descrição da Task 471
Task 472,Descrição da Task 472
Task 473,Descrição da Task 473
Task 474,Descrição da Task 474
Task 475,Descrição da Task 475
Task 476,Descrição da Task 476
Task 477,Descrição da Task 477
Task 478,Descrição da Task 478
Task 479,Descrição da Task 479
Task 480,Descrição da Task 480
Task 481,Descrição da Task 481
Task 482,Descrição da Task 482
Task 483,Descrição da Task 483
Task 484,Descrição da Task 484
Task 485,Descrição da Task 485
Task 486,Descrição da Task 486
Task 487,Descrição da Task 487
Task 488,Descrição da Task 488
Task 489,Descrição da Task 489
Task 490,Descrição da Task 490
Task 491,Descrição da Task 491
Task 492,Descrição da Task 492
Task 493,Descrição da Task 493
Task 494,Descrição da Task 494
Task 495,Descrição da Task 495
Task 496,Descrição da Task 496
Task 497,Descrição da Task 497
Task 498,Descrição da Task 498
Task 499,Descrição da Task 499
Task 500,Descrição da Task 500
Task 501,Descrição da Task 501
Task 502,Descrição da Task 502
Task 503,Descrição da Task 503
Task 504,Descrição da Task 504
Task 505,Descrição da Task 505
Task 506,Descrição da Task 506
Task 507,Descrição da Task 507
Task 508,Descrição da Task 508
Task 509,Descrição da Task 509
Task 510,Descrição da Task 510
Task 511,Descrição da Task 511
Task 512,Descrição da Task 512
Task 513,Descrição da Task 513
Task 514,Descrição da Task 514
Task 515,Descrição da Task 515
Task 516,Descrição da Task 516
Task 517,Descrição da Task 517
Task 518,Descrição da Task 518
Task 519,Descrição da Task 519
Task 520,Descrição da Task 520
Task 521,Descrição da Task 521
Task 522,Descrição da Task 522
Task 523,Descrição da Task 523
Task 524,Descrição da Task 524
Task 525,Descrição da Task 525
Task 526,Descrição da Task 526
Task 527,Descrição da Task 527
Task 528,Descrição da Task 528
Task 529,Descrição da Task 529
Task 530,Descrição da Task 530
Task 531,Descrição da Task 531
Task 532,Descrição da Task 532
Task 533,Descrição da Task 533
Task 534,Descrição da Task 534
Task 535,Descrição da Task 535
Task 536,Descrição da Task 536
Task 537,Descrição da Task 537
Task 538,Descrição da Task 538
Task 539,Descrição da Task 539
Task 540,Descrição da Task 540
Task 541,Descrição da Task 541
Task 542,Descrição da Task 542
Task 543,Descrição da Task 543
Task 544,Descrição da Task 544
Task 545,Descrição da Task 545
Task 546,Descrição da Task 546
Task 547,Descrição da Task 547
Task 548,Descrição da Task 548
Task 549,Descrição da Task 549
Task 550,Descrição da Task 550
Task 551,Descrição da Task 551
Task 552,Descrição da Task 552
Task 553,Descrição da Task 553
Task 554,Descrição da Task 554
Task 555,Descrição da Task 555
Task 556,Descrição da Task 556
Task 557,Descrição da Task 557
Task 558,Descrição da Task 558
Task 559,Descrição da Task 559
Task 560,Descrição da Task 560
Task 561,Descrição da Task 561
Task 562,Descrição da Task 562
Task 563,Descrição da Task 563
Task 564,Descrição da Task 564
Task 565,Descrição da Task 565
Task 566,Descrição da Task 566
Task 567,Descrição da Task 567
Task 568,Descrição da Task 568
Task 569,Descrição da Task 569
Task 570,Descrição da Task 570
Task 571,Descrição da Task 571
Task 572,Descrição da Task 572
Task 573,Descrição da Task 573
Task 574,Descrição da Task 574
Task 575,Descrição da Task 575
Task 576,Descrição da Task 576
Task 577,Descrição da Task 577
Task 578,Descrição da Task 578
Task 579,Descrição da Task 579
Task 580,Descrição da Task 580
Task 581,Descrição da Task 581
Task 582,Descrição da Task 582
Task 583,Descrição da Task 583
Task 584,Descrição da Task 584
Task 585,Descrição da Task 585
Task 586,Descrição da Task 586
Task 587,Descrição da Task 587
Task 588,Descrição da Task 588
Task 589,Descrição da Task 589
Task 590,Descrição da Task 590
Task 591,Descrição da Task 591
Task 592,Descrição da Task 592
Task 593,Descrição da Task 593
Task 594,Descrição da Task 594
Task 595,Descrição da Task 595
Task 596,Descrição da Task 596
Task 597,Descrição da Task 597
Task 598,Descrição da Task 598
Task 599,Descrição da Task 599
Task 600,Descrição da Task 600
Task 601,Descrição da Task 601
Task 602,Descrição da Task 602
Task 603,Descrição da Task 603
Task 604,Descrição da Task 604
Task 605,Descrição da Task 605
Task 606,Descrição da Task 606
Task 607,Descrição da Task 607
Task 608,Descrição da Task 608
Task 609,Descrição da Task 609
Task 610,Descrição da Task 610
Task 611,Descrição da Task 611
Task 612,Descrição da Task 612
Task 613,Descrição da Task 613
Task 614,Descrição da Task 614
Task 615,Descrição da Task 615
Task 616,Descrição da Task 616
Task 617,Descrição da Task 617
Task 618,Descrição da Task 618
Task 619,Descrição da Task 619
Task 620,Descrição da Task 620
Task 621,Descrição da Task 621
Task 622,Descrição da Task 622
Task 623,Descrição da Task 623
Task 624,Descrição da Task 624
Task 625,Descrição da Task 625
Task 626,Descrição da Task 626
Task 627,Descrição da Task 627
Task 628,Descrição da Task 628
Task 629,Descrição da Task 629
Task 630,Descrição da Task 630
Task 631,Descrição da Task 631
Task 632,Descrição da Task 632
Task 633,Descrição da Task 633
Task 634,Descrição da Task 634
Task 635,Descrição da Task 635
Task 636,Descrição da Task 636
Task 637,Descrição da Task 637
Task 638,Descrição da Task 638
Task 639,Descrição da Task 639
Task 640,Descrição da Task 640
Task 641,Descrição da Task 641
Task 642,Descrição da Task 642
Task 643,Descrição da Task 643
Task 644,Descrição da Task 644
Task 645,Descrição da Task 645
Task 646,Descrição da Task 646
Task 647,Descrição da Task 647
Task 648,Descrição da Task 648
Task 649,Descrição da Task 649
Task 650,Descrição da Task 650
Task 651,Descrição da Task 651
Task 652,Descrição da Task 652
Task 653,Descrição da Task 653
Task 654,Descrição da Task 654
Task 655,Descrição da Task 655
Task 656,Descrição da Task 656
Task 657,Descrição da Task 657
Task 658,Descrição da Task 658
Task 659,Descrição da Task 659
Task 660,Descrição da Task 660
Task 661,Descrição da Task 661
Task 662,Descrição da Task 662
Task 663,Descrição da Task 663
Task 664,Descrição da Task 664
Task 665,Descrição da Task 665
Task 666,Descrição da Task 666
Task 667,Descrição da Task 667
Task 668,Descrição da Task 668
Task 669,Descrição da Task 669
Task 670,Descrição da Task 670
Task 671,Descrição da Task 671
Task 672,Descrição da Task 672
Task 673,Descrição da Task 673
Task 674,Descrição da Task 674
Task 675,Descrição da Task 675
Task 676,Descrição da Task 676
Task 677,Descrição da Task 677
Task 678,Descrição da Task 678
Task 679,Descrição da Task 679
Task 680,Descrição da Task 680
Task 681,Descrição da Task 681
Task 682,Descrição da Task 682
Task 683,Descrição da Task 683
Task 684,Descrição da Task 684
Task 685,Descrição da Task 685
Task 686,Descrição da Task 686
Task 687,Descrição da Task 687
Task 688,Descrição da Task 688
Task 689,Descrição da Task 689
Task 690,Descrição da Task 690
Task 691,Descrição da Task 691
Task 692,Descrição da Task 692
Task 693,Descrição da Task 693
Task 694,Descrição da Task 694
Task 695,Descrição da Task 695
Task 696,Descrição da Task 696
Task 697,Descrição da Task 697
Task 698,Descrição da Task 698
Task 699,Descrição da Task 699
Task 700,Descrição da Task 700
Task 701,Descrição da Task 701
Task 702,Descrição da Task 702
Task 703,Descrição da Task 703
Task 704,Descrição da Task 704
Task 705,Descrição da Task 705
Task 706,Descrição da Task 706
Task 707,Descrição da Task 707
Task 708,Descrição da Task 708
Task 709,Descrição da Task 709
Task 710,Descrição da Task 710
Task 711,Descrição da Task 711
Task 712,Descrição da Task 712
Task 713,Descrição da Task 713
Task 714,Descrição da Task 714
Task 715,Descrição da Task 715
Task 716,Descrição da Task 716
Task 717,Descrição da Task 717
Task 718,Descrição da Task 718
Task 719,Descrição da Task 719
Task 720,Descrição da Task 720
Task 721,Descrição da Task 721
Task 722,Descrição da Task 722
Task 723,Descrição da Task 723
Task 724,Descrição da Task 724
Task 725,Descrição da Task 725
Task 726,Descrição da Task 726
Task 727,Descrição da Task 727
Task 728,Descrição da Task 728
Task 729,Descrição da Task 729
Task 730,Descrição da Task 730
Task 731,Descrição da Task 731
Task 732,Descrição da Task 732
Task 733,Descrição da Task 733
Task 734,Descrição da Task 734
Task 735,Descrição da Task 735
Task 736,Descrição da Task 736
Task 737,Descrição da Task 737
Task 738,Descrição da Task 738
Task 739,Descrição da Task 739
Task 740,Descrição da Task 740
Task 741,Descrição da Task 741
Task 742,Descrição da Task 742
Task 743,Descrição da Task 743
Task 744,Descrição da Task 744
Task 745,Descrição da Task 745
Task 746,Descrição da Task 746
Task 747,Descrição da Task 747
Task 748,Descrição da Task 748
Task 749,Descrição da Task 749
Task 750,Descrição da Task 750
Task 751,Descrição da Task 751
Task 752,Descrição da Task 752
Task 753,Descrição da Task 753
Task 754,Descrição da Task 754
Task 755,Descrição da Task 755
Task 756,Descrição da Task 756
Task 757,Descrição da Task 757
Task 758,Descrição da Task 758
Task 759,Descrição da Task 759
Task 760,Descrição da Task 760
Task 761,Descrição da Task 761
Task 762,Descrição da Task 762
Task 763,Descrição da Task 763
Task 764,Descrição da Task 764
Task 765,Descrição da Task 765
Task 766,Descrição da Task 766
Task 767,Descrição da Task 767
Task 768,Descrição da Task 768
Task 769,Descrição da Task 769
Task 770,Descrição da Task 770
Task 771,Descrição da Task 771
Task 772,Descrição da Task 772
Task 773,Descrição da Task 773
Task 774,Descrição da Task 774
Task 775,Descrição da Task 775
Task 776,Descrição da Task 776
Task 777,Descrição da Task 777
Task 778,Descrição da Task 778
Task 779,Descrição da Task 779
Task 780,Descrição da Task 780
Task 781,Descrição da Task 781
Task 782,Descrição da Task 782
Task 783,Descrição da Task 783
Task 784,Descrição da Task 784
Task 785,Descrição da Task 785
Task 786,Descrição da Task 786
Task 787,Descrição da Task 787
Task 788,Descrição da Task 788
Task 789,Descrição da Task 789
Task 790,Descrição da Task 790
Task 791,Descrição da Task 791
Task 792,Descrição da Task 792
Task 793,Descrição da Task 793
Task 794,Descrição da Task 794
Task 795,Descrição da Task 795
Task 796,Descrição da Task 796
Task 797,Descrição da Task 797
Task 798,Descrição da Task 798
Task 799,Descrição da Task 799
Task 800,Descrição da Task 800
Task 801,Descrição da Task 801
Task 802,Descrição da Task 802
Task 803,Descrição da Task 803
Task 804,Descrição da Task 804
Task 805,Descrição da Task 805
Task 806,Descrição da Task 806
Task 807,Descrição da Task 807
Task 808,Descrição da Task 808
Task 809,Descrição da Task 809
Task 810,Descrição da Task 810
Task 811,Descrição da Task 811
Task 812,Descrição da Task 812
Task 813,Descrição da Task 813
Task 814,Descrição da Task 814
Task 815,Descrição da Task 815
Task 816,Descrição da Task 816
Task 817,Descrição da Task 817
Task 818,Descrição da Task 818
Task 819,Descrição da Task 819
Task 820,Descrição da Task 820
Task 821,Descrição da Task 821
Task 822,Descrição da Task 822
Task 823,Descrição da Task 823
Task 824,Descrição da Task 824
Task 825,Descrição da Task 825
Task 826,Descrição da Task 826
Task 827,Descrição da Task 827
Task 828,Descrição da Task 828
Task 829,Descrição da Task 829
Task 830,Descrição da Task 830
Task 831,Descrição da Task 831
Task 832,Descrição da Task 832
Task 833,Descrição da Task 833
Task 834,Descrição da Task 834
Task 835,Descrição da Task 835
Task 836,Descrição da Task 836
Task 837,Descrição da Task 837
Task 838,Descrição da Task 838
Task 839,Descrição da Task 839
Task 840,Descrição da Task 840
Task 841,Descrição da Task 841
Task 842,Descrição da Task 842
Task 843,Descrição da Task 843
Task 844,Descrição da Task 844
Task 845,Descrição da Task 845
Task 846,Descrição da Task 846
Task 847,Descrição da Task 847
Task 848,Descrição da Task 848
Task 849,Descrição da Task 849
Task 850,Descrição da Task 850
Task 851,Descrição da Task 851
Task 852,Descrição da Task 852
Task 853,Descrição da Task 853
Task 854,Descrição da Task 854
Task 855,Descrição da Task 855
Task 856,Descrição da Task 856
Task 857,Descrição da Task 857
Task 858,Descrição da Task 858
Task 859,Descrição da Task 859
Task 860,Descrição da Task 860
Task 861,Descrição da Task 861
Task 862,Descrição da Task 862
Task 863,Descrição da Task 863
Task 864,Descrição da Task 864
Task 865,Descrição da Task 865
Task 866,Descrição da Task 866
Task 867,Descrição da Task 867
Task 868,Descrição da Task 868
Task 869,Descrição da Task 869
Task 870,Descrição da Task 870
Task 871,Descrição da Task 871
Task 872,Descrição da Task 872
Task 873,Descrição da Task 873
Task 874,Descrição da Task 874
Task 875,Descrição da Task 875
Task 876,Descrição da Task 876
Task 877,Descrição da Task 877
Task 878,Descrição da Task 878
Task 879,Descrição da Task 879
Task 880,Descrição da Task 880
Task 881,Descrição da Task 881
Task 882,Descrição da Task 882
Task 883,Descrição da Task 883
Task 884,Descrição da Task 884
Task 885,Descrição da Task 885
Task 886,Descrição da Task 886
Task 887,Descrição da Task 887
Task 888,Descrição da Task 888
Task 889,Descrição da Task 889
Task 890,Descrição da Task 890
Task 891,Descrição da Task 891
Task 892,Descrição da Task 892
Task 893,Descrição da Task 893
Task 894,Descrição da Task 894
Task 895,Descrição da Task 895
Task 896,Descrição da Task 896
Task 897,Descrição da Task 897
Task 898,Descrição da Task 898
Task 899,Descrição da Task 899
Task 900,Descrição da Task 900
Task 901,Descrição da Task 901
Task 902,Descrição da Task 902
Task 903,Descrição da Task 903
Task 904,Descrição da Task 904
Task 905,Descrição da Task 905
Task 906,Descrição da Task 906
Task 907,Descrição da Task 907
Task 908,Descrição da Task 908
Task 909,Descrição da Task 909
Task 910,Descrição da Task 910
Task 911,Descrição da Task 911
Task 912,Descrição da Task 912
Task 913,Descrição da Task 913
Task 914,Descrição da Task 914
Task 915,Descrição da Task 915
Task 916,Descrição da Task 916
Task 917,Descrição da Task 917
Task 918,Descrição da Task 918
Task 919,Descrição da Task 919
Task 920,Descrição da Task 920
Task 921,Descrição da Task 921
Task 922,Descrição da Task 922
Task 923,Descrição da Task 923
Task 924,Descrição da Task 924
Task 925,Descrição da Task 925
Task 926,Descrição da Task 926
Task 927,Descrição da Task 927
Task 928,Descrição da Task 928
Task 929,Descrição da Task 929
Task 930,Descrição da Task 930
Task 931,Descrição da Task 931
Task 932,Descrição da Task 932
Task 933,Descrição da Task 933
Task 934,Descrição da Task 934
Task 935,Descrição da Task 935
Task 936,Descrição da Task 936
Task 937,Descrição da Task 937
Task 938,Descrição da Task 938
Task 939,Descrição da Task 939
Task 940,Descrição da Task 940
Task 941,Descrição da Task 941
Task 942,Descrição da Task 942
Task 943,Descrição da Task 943
Task 944,Descrição da Task 944
Task 945,Descrição da Task 945
Task 946,Descrição da Task 946
Task 947,Descrição da Task 947
Task 948,Descrição da Task 948
Task 949,Descrição da Task 949
Task 950,Descrição da Task 950
Task 951,Descrição da Task 951
Task 952,Descrição da Task 952
Task 953,Descrição da Task 953
Task 954,Descrição da Task 954
Task 955,Descrição da Task 955
Task 956,Descrição da Task 956
Task 957,Descrição da Task 957
Task 958,Descrição da Task 958
Task 959,Descrição da Task 959
Task 960,Descrição da Task 960
Task 961,Descrição da Task 961
Task 962,Descrição da Task 962
Task 963,Descrição da Task 963
Task 964,Descrição da Task 964
Task 965,Descrição da Task 965
Task 966,Descrição da Task 966
Task 967,Descrição da Task 967
Task 968,Descrição da Task 968
Task 969,Descrição da Task 969
Task 970,Descrição da Task 970
Task 971,Descrição da Task 971
Task 972,Descrição da Task 972
Task 973,Descrição da Task 973
Task 974,Descrição da Task 974
Task 975,Descrição da Task 975
Task 976,Descrição da Task 976
Task 977,Descrição da Task 977
Task 978,Descrição da Task 978
Task 979,Descrição da Task 979
Task 980,Descrição da Task 980
Task 981,Descrição da Task 981
Task 982,Descrição da Task 982
Task 983,Descrição da Task 983
Task 984,Descrição da Task 984
Task 985,Descrição da Task 985
Task 986,Descrição da Task 986
Task 987,Descrição da Task 987
Task 988,Descrição da Task 988
Task 989,Descrição da Task 989
Task 990,Descrição da Task 990
Task 991,Descrição da Task 991
Task 992,Descrição da Task 992
Task 993,Descrição da Task 993
Task 994,Descrição da Task 994
Task 995,Descrição da Task 995
Task 996,Descrição da Task 996
Task 997,Descrição da Task 997
Task 998,Descrição da Task 998
Task 999,Descrição da Task 999
Task 1000,Descrição da Task 1000